Experiment,ChunkSize,TopK,Faithfulness,AnswerRelevancy
Baseline,500,8,0.5984920634920634,0.6773221424747887
Baseline,500,8,0.5483333333333333,0.5962786024371359
